dataset,loss,wer,num,sample,loss_std
train,27.09249687,62.77925637,51448,2000,17.177267
val,27.11158371,61.13418527,12861,1000,15.942165
