dataset,loss,wer,num
train,179.7891387939453,98.48340101189329,600
val,344.142822265625,98.69992609889522,400
test,217.6439971923828,87.9394057057264,11
