dataset,loss,wer,num
train,362.8633728027344,103.75398521440925,2247
val,415.5347900390625,102.77339345749522,1498
