dataset,loss,wer,num
train,120.35993957519531,99.87208204079715,25148
val,126.89591979980469,99.87473132962597,8383
